<?xml version="1.0" encoding="UTF-8"?>

<channel name="xfce4-panel" version="1.0">
  <property name="configver" type="int" value="2"/>
  <property name="panels" type="array">
    <value type="int" value="2"/>
    <property name="dark-mode" type="bool" value="true"/>
    <property name="panel-2" type="empty">
      <property name="autohide-behavior" type="uint" value="0"/>
      <property name="position" type="string" value="p=10;x=0;y=0"/>
      <property name="length" type="double" value="100"/>
      <property name="position-locked" type="bool" value="true"/>
      <property name="size" type="uint" value="42"/>
      <property name="plugin-ids" type="array">
        <value type="int" value="7"/>
        <value type="int" value="16"/>
        <value type="int" value="19"/>
        <value type="int" value="18"/>
        <value type="int" value="17"/>
        <value type="int" value="22"/>
        <value type="int" value="8"/>
        <value type="int" value="9"/>
        <value type="int" value="20"/>
        <value type="int" value="21"/>
        <value type="int" value="15"/>
      </property>
      <property name="icon-size" type="uint" value="0"/>
    </property>
  </property>
  <property name="plugins" type="empty">
    <property name="plugin-15" type="string" value="showdesktop"/>
    <property name="plugin-16" type="string" value="separator"/>
    <property name="plugin-17" type="string" value="launcher">
      <property name="items" type="array">
        <value type="string" value="17163965701.desktop"/>
      </property>
    </property>
    <property name="plugin-18" type="string" value="launcher">
      <property name="items" type="array">
        <value type="string" value="17163965702.desktop"/>
      </property>
    </property>
    <property name="plugin-19" type="string" value="launcher">
      <property name="items" type="array">
        <value type="string" value="17163965703.desktop"/>
      </property>
    </property>
    <property name="plugin-7" type="string" value="whiskermenu"/>
    <property name="plugin-8" type="string" value="separator">
      <property name="expand" type="bool" value="true"/>
      <property name="style" type="uint" value="0"/>
    </property>
    <property name="plugin-9" type="string" value="pager">
      <property name="rows" type="uint" value="1"/>
    </property>
    <property name="plugin-20" type="string" value="notification-plugin"/>
    <property name="plugin-21" type="string" value="clock">
      <property name="tooltip-format" type="string" value="%A %d %B %Y"/>
      <property name="digital-layout" type="uint" value="1"/>
      <property name="digital-date-format" type="string" value="%d/%m/%Y"/>
      <property name="digital-date-font" type="string" value="System-ui 8"/>
      <property name="digital-time-font" type="string" value="System-ui 8"/>
    </property>
    <property name="plugin-22" type="string" value="tasklist">
      <property name="flat-buttons" type="bool" value="false"/>
      <property name="show-labels" type="bool" value="false"/>
      <property name="show-tooltips" type="bool" value="true"/>
      <property name="show-handle" type="bool" value="false"/>
    </property>
  </property>
</channel>
